Word,Frequency
THE,341
COMPUTER,253
SCIENCE,189
IS,100
COMPUTING,77
SOFTWARE,71
ENGINEERING,57
INFORMATION,49
THEORY,47
PROGRAMMING,42
DATA,42
COMPUTATIONAL,39
SYSTEMS,39
COMPUTATION,28
AN,28
DESIGN,27
ACM,26
RETRIEVED,25
RESEARCH,24
P,24
ISBN,24
MACHINE,21
DISCIPLINE,20
COMPUTERS,19
PROCESSING,18
WAS,18
LANGUAGE,17
INTELLIGENCE,17
FORMAL,17
SYSTEM,17
COMMUNICATIONS,17
MODEL,17
MATHEMATICAL,16
ARCHITECTURE,15
ALGORITHMS,15
METHODS,15
DEVELOPMENT,15
UNIVERSITY,15
ANALYSIS,15
MATHEMATICS,15
PDF,15
ARCHIVED,15
THEORETICAL,14
HARDWARE,14
SECURITY,14
ARTIFICIAL,14
ARTICLES,14
ARTICLE,14
DIGITAL,14
HISTORY,13
LANGUAGES,13
SCIENTIFIC,13
HAS,13
DOI,13
PRESS,13
AREAS,12
FIELDS,12
LEARNING,12
BEEN,12
SCID,12
PHILOSOPHY,11
INFORMATICS,11
PETER,11
NETWORK,11
ACADEMIC,10
CRYPTOGRAPHY,10
IMAGE,10
WHILE,10
PARADIGMS,10
SOCIAL,10
EDUCATION,10
TERM,10
FIELD,10
PARADIGM,10
DISCIPLINES,9
PROBLEMS,9
GRAPHICS,9
MANAGEMENT,9
AUTOMATED,9
DISTRIBUTED,9
APPLIED,9
MECHANICAL,9
ENGINE,9
QUESTION,9
PROGRAMS,9
ASSOCIATION,9
D,9
FEBRUARY,9
PRACTICAL,8
PROCESSES,8
INTERACTION,8
BABBAGE,8
ALGORITHM,8
NUMERICAL,8
TECHNOLOGY,8
DENNING,8
APRIL,8
B,8
APPLICATIONS,7
FUNDAMENTAL,7
CONSIDERED,7
MEANS,7
DATABASE,7
HUMANCOMPUTER,7
PROCESS,7
TURING,7
CODING,7
CURRICULUM,7
CHARLES,7
CALCULATOR,7
IBM,7
LOGIC,7
IEEE,7
APPLICATION,7
SPRINGER,7
AUGUST,7
OCTOBER,7
COMPLEXITY,6
AUTOMATION,6
IMPLEMENTATION,6
STRUCTURES,6
MODELS,6
NETWORKS,6
EMBEDDED,6
FOUND,6
ORGANIZATION,6
SEARCH,6
S,6
MACHINES,6
COMPUTATIONS,6
ANALYTICAL,6
BECAME,6
WORK,6
PROGRAM,6
STATES,6
SCHOOL,6
USE,6
STATISTICS,6
TESTING,6
SCIENTISTS,6
MODELING,6
STUDIES,6
MACHINERY,6
FORM,6
ELECTRICAL,6
ELECTRONIC,6
LIST,6
PAPERS,6
JUNE,6
DECEMBER,6
ENCYCLOPEDIA,6
LIBRARY,6
OPERATING,5
VISION,5
VIDEO,5
PARALLEL,5
MINING,5
CLASSIFICATION,5
PUNCHED,5
CARDS,5
BABBAGES,5
BUSINESS,5
UNIT,5
SCIENCES,5
NATURE,5
GEORGE,5
PHYSICS,5
ALAN,5
ARGUED,5
EMPIRICAL,5
PROBLEM,5
VERIFICATION,5
SOCIETY,5
X,5
CIRCUIT,5
INTEGRATED,5
OBJECTS,5
LOCATION,5
FUNCTIONAL,5
EVALUATION,5
SEPTEMBER,5
TUCKER,5
MIT,5
MARCH,5
J,5
STANFORD,5
WAYBACK,5
PUBLISHING,5
OUTLINE,4
CATEGORY,4
GEOMETRY,4
FOCUSES,4
PRINCIPLES,4
AIMS,4
CONCURRENT,4
DATABASES,4
NOTES,4
SELECTED,4
BIBLIOGRAPHY,4
GAMES,4
ADA,4
CALCULATING,4
CALLED,4
NUMBER,4
YEARS,4
MAKING,4
RELATIONSHIP,4
CAMBRIDGE,4
DEPARTMENT,4
PROPOSED,4
OTHERS,4
FORSYTHE,4
DEPARTMENTS,4
NAUR,4
SUGGESTED,4
DATALOGY,4
ASTRONOMY,4
DEPLOYMENT,4
BIOLOGY,4
DAVID,4
WAY,4
SEMANTICS,4
BRANCH,4
APPROACHES,4
PERSPECTIVE,4
SPECIFICATION,4
CSAB,4
RESOURCES,4
AUTOMATA,4
SUPPORT,4
TURINGS,4
CONCURRENCY,4
REALITY,4
ORDER,4
QUALITY,4
INSIGHT,4
STATE,4
IMPERATIVE,4
CONFERENCES,4
JULY,4
TURNER,4
ISSN,4
ED,4
E,4
JANUARY,4
TEDRE,4
CRC,4
USES,3
GLOSSARY,3
AREA,3
DISTINCT,3
COMMUNICATION,3
WAYS,3
HUMANS,3
DEVELOPING,3
CONSTRUCTION,3
COMPONENTS,3
EQUIPMENT,3
ENVIRONMENTAL,3
ADAPTATION,3
CANNOT,3
AWARD,3
DISTINCTION,3
ETYMOLOGY,3
VISUALIZATION,3
FINANCE,3
REFERENCES,3
OVERVIEW,3
LITERATURE,3
ENGINES,3
COMPILER,3
CONCEPTS,3
WORLD,3
LOVELACE,3
PUBLISHED,3
INTENDED,3
TASKS,3
WILHELM,3
INVENTED,3
INCLUDED,3
PART,3
ND,3
DESIGNS,3
AIKEN,3
MARK,3
FOUNDED,3
LABORATORY,3
COLUMBIA,3
IBMS,3
DEGREE,3
PURDUE,3
LOUIS,3
CREATION,3
NAME,3
MAJOR,3
INVOLVING,3
JOURNAL,3
EUROPE,3
QUOTATION,3
DIJKSTRA,3
EXAMPLE,3
IDEAS,3
FOCUS,3
EMPHASIS,3
ORIENTATION,3
WORD,3
ALLEN,3
ANSWER,3
REMAINS,3
LAWS,3
ARGUE,3
RELIABILITY,3
CIVIL,3
INSTRUCTIONS,3
REASONING,3
UNDERSTANDING,3
PERFORM,3
COMPUTABILITY,3
PROBABILITY,3
CLAUDE,3
CODES,3
COMPRESSION,3
DETECTION,3
ALGORITHMIC,3
STRUCTURE,3
EFFICIENCY,3
JOURNALS,3
TYPE,3
ORIGINS,3
CONFERENCE,3
REALTIME,3
ACCESS,3
HISTORICAL,3
CIRCUITS,3
SYNTHESIS,3
VIRTUAL,3
SPEECH,3
SPICE,3
CHEMISTRY,3
MAINTENANCE,3
TECHNICAL,3
CURRENT,3
PRINT,3
STRUCTURED,3
STYLE,3
OBJECT,3
PUBLICATIONS,3
STUDENTS,3
CURRICULA,3
INTRODUCTION,3
PJ,3
COMER,3
GRIES,3
MULDER,3
MC,3
AJ,3
PR,3
C,3
HANDBOOK,3
KNUTH,3
DONALD,3
REPOSITORY,3
PIONEER,3
COLLECTION,3
BERNARD,3
NOVEMBER,3
MATTI,3
ELECTRONICS,3
MEYER,3
BERTRAND,3
REFERENCE,3
ENTERPRISE,3
FOUNDATIONS,2
SPANS,2
CONCERNS,2
ABSTRACT,2
INVOLVE,2
STUDYING,2
IMAGES,2
CONSIDERS,2
DESCRIBE,2
INTERACT,2
AIM,2
SYNTHESIZE,2
GOALORIENTATED,2
PROBLEMSOLVING,2
DECISIONMAKING,2
ANIMALS,2
CONTENTS,2
EPISTEMOLOGY,2
DISCOVERIES,2
EXTERNAL,2
LINKS,2
PROFESSIONAL,2
ORGANIZATIONS,2
MISC,2
OPENSOURCE,2
PIONEERS,2
USER,2
INTERFACE,2
WEB,2
EXISTED,2
ANTIQUITY,2
DIVISION,2
PERFORMING,2
SOPHISTICATED,2
SCHICKARD,2
WORKING,2
GOTTFRIED,2
LEIBNIZ,2
SCIENTIST,2
FACT,2
SIMPLIFIED,2
RELIABLE,2
ENVIRONMENT,2
STARTED,2
AUTOMATIC,2
DIFFERENCE,2
PROGRAMMABLE,2
FEATURES,2
CRUCIAL,2
CARD,2
DERIVED,2
NUMBERS,2
DREAM,2
HOWARD,2
I,2
LAB,2
OPERATES,2
BEGAN,2
WORLDS,2
FORMED,2
EFFORTS,2
UNIVERSITIES,2
CREATE,2
STARTING,2
DESPITE,2
AMOUNT,2
NECESSARILY,2
MAINLY,2
DAYS,2
TERMS,2
EG,2
ITALIAN,2
ADOPTED,2
UK,2
DOMAIN,2
EXCHANGE,2
COMPUTERRELATED,2
LINGUISTICS,2
JOHN,2
ISSUE,2
PARNAS,2
PRINCIPAL,2
PROPERTIES,2
ACHIEVE,2
GOALS,2
TEND,2
TYPES,2
HERBERT,2
SIMON,2
EXPERIMENTAL,2
ECONOMICS,2
GEOLOGY,2
UNIQUE,2
OBSERVATION,2
METHOD,2
EXPERIMENTS,2
CONSTRUCTING,2
ANALYZING,2
CLASSIFIED,2
DEFINING,2
EXIST,2
PROPONENTS,2
CLASSIFYING,2
AEROSPACE,2
EDSGER,2
W,2
WEGNER,2
GROUP,2
H,2
EDEN,2
DESCRIBED,2
TREATS,2
LIMITS,2
IMPLEMENTING,2
ACCREDITATION,2
MADE,2
METHODOLOGY,2
ELEMENTS,2
SYMBOLIC,2
SPIRIT,2
EFFICIENT,2
METHODOLOGIES,2
UNDERLYING,2
QUESTIONS,2
TIME,2
NP,2
M,2
DISPLAYSTYLE,2
QUANTUM,2
SHANNON,2
SIGNAL,2
OPERATIONS,2
STUDIED,2
DESIGNING,2
OPTIMIZATION,2
RANDOMIZED,2
DEALS,2
INDIVIDUAL,2
KIND,2
SAFETY,2
ERRORS,2
FRAMEWORK,2
IMPORTANCE,2
BROAD,2
FUNDAMENTALS,2
CALCULI,2
THEOREM,2
AI,2
EXPERTISE,2
MIND,2
COMPONENT,2
SCALE,2
SCHEDULING,2
EVOLUTIONARY,2
REPRESENTATION,2
RECOGNITION,2
ROBOTICS,2
MEMORY,2
ENGINEERS,2
PROCESSOR,2
MULTIPROCESSING,2
UBIQUITOUS,2
DEPENDABILITY,2
INTERPRETER,2
MULTIPLE,2
CONNECTED,2
ACCESSIBILITY,2
ART,2
FUNCTIONS,2
STORE,2
MANIPULATION,2
ANIMATION,2
RENDERING,2
MIXED,2
SOLID,2
MULTIMEDIA,2
VIEW,2
ROLE,2
FAST,2
TRANSFORM,2
UNSOLVED,2
SOCIETIES,2
BUILD,2
SYSTEMATIC,2
PRACTICES,2
DEAL,2
RAPAPORT,2
SAMUEL,2
ACTIONS,2
EVERY,2
EXPRESSED,2
JACOPINIS,2
ONES,2
RULES,2
SELECTION,2
SUCHANDSUCH,2
CASE,2
STATEMENTS,2
COMMANDS,2
OBJECTORIENTED,2
PROCEDURES,2
SERVICES,2
OFFER,2
TASK,2
SCHOOLS,2
AGE,2
CSTA,2
ISRAEL,2
SOUTH,2
KOREA,2
AWARDS,2
BRUCE,2
COLLIER,2
MARKS,2
BERLIN,2
OCLC,2
BOOK,2
CS,2
PATTON,2
PP,2
WILSON,2
DENNIS,2
G,2
INSTITUTE,2
MUSEUM,2
ANTHONY,2
CA,2
COHEN,2
BRIAN,2
RANDELL,2
IBMCOM,2
SHAPING,2
TAYLOR,2
FRANCIS,2
FRANCE,2
SURVEY,2
MINDS,2
DOIS,2
PROGRAMMES,2
TREAT,2
CITESEERX,2
N,2
BOARD,2
REFLECTIONS,2
MEDIA,2
CHICAGO,2
WILEY,2
ANALYTICS,2
CHAPMAN,2
HALLCRC,2
POWER,2
PACKT,2
LTD,2
VIEWPOINT,2
TIMES,2
ZENTRALBLATT,2
MATH,2
VAN,2
LEEUWEN,2
JAN,2
TEACHING,2
TOPIC,2
TIMELY,2
REILLY,2
EDWIN,2
LIBRARIES,2
GERMANY,2
BIBLIOGRAPHIES,2
SITE,2
SERVICE,2
CONFIGURATION,2
REQUIREMENTS,2
COMMONS,2
ARCHAEOLOGY,2
TOPONYMS,2
AGILE,2
UML,2
DISAMBIGUATION,1
SCIENCEPROGRAMMING,1
THEORYCOMPUTATIONAL,1
THEORYARTIFICIAL,1
INTELLIGENCECOMPUTER,1
VTE,1
CLASSES,1
SOLVED,1
SECURE,1
PREVENTING,1
VULNERABILITIES,1
ADDRESS,1
GENERATION,1
REPOSITORIES,1
INVESTIGATES,1
INTERFACES,1
INVESTIGATE,1
DESCRIBES,1
COMPUTEROPERATED,1
TEXTUAL,1
LINGUISTIC,1
CONCERN,1
DETERMINING,1
RECOGNIZED,1
HIGHEST,1
UNIX,1
PROMINENT,1
GENERALPURPOSE,1
CPUS,1
GRAPHICAL,1
INTERNET,1
LAPTOPS,1
COUNTRY,1
BULGARIA,1
EASTERN,1
BLOC,1
POLAND,1
ROMANIA,1
SOVIET,1
UNION,1
YUGOSLAVIA,1
TIMELINE,1
TIMELINES,1
CATEGORYVTE,1
REFERRED,1
FATHER,1
EARLIEST,1
PREDATE,1
INVENTION,1
FIXED,1
ABACUS,1
AIDING,1
MULTIPLICATION,1
CONSTRUCTED,1
DEMONSTRATED,1
STEPPED,1
RECKONER,1
THEORIST,1
REASONS,1
DOCUMENTED,1
BINARY,1
THOMAS,1
COLMAR,1
LAUNCHED,1
INDUSTRYNOTE,1
ARITHMOMETER,1
DAILY,1
OFFICE,1
GAVE,1
IDEA,1
SKETCHED,1
SALIENT,1
STEP,1
ADOPTION,1
JACQUARD,1
LOOM,1
INFINITELY,1
PROGRAMMABLENOTE,1
TRANSLATION,1
WROTE,1
COMPUTE,1
BERNOULLI,1
SPECIFICALLY,1
TAILORED,1
HERMAN,1
HOLLERITH,1
TABULATOR,1
STATISTICAL,1
COMPANY,1
UNAWARE,1
EARLIER,1
PERCY,1
LUDGATE,1
IMPOSSIBLE,1
CONVINCED,1
KINDS,1
GIANT,1
ASCCHARVARD,1
FINISHED,1
HAILED,1
POWERFUL,1
ATANASOFFBERRY,1
ENIAC,1
REFER,1
PREDECESSORS,1
CALCULATIONS,1
BROADENED,1
WATSON,1
CITY,1
RENOVATED,1
FRATERNITY,1
HOUSE,1
MANHATTANS,1
WEST,1
SIDE,1
DEVOTED,1
PURE,1
FORERUNNER,1
FACILITIES,1
ULTIMATELY,1
INSTRUMENTAL,1
EMERGENCE,1
OFFERING,1
ACADEMICCREDIT,1
COURSES,1
DIPLOMA,1
RIGHTSSEE,1
APPEARS,1
FEIN,1
ARGUES,1
GRADUATE,1
ANALOGOUS,1
HARVARD,1
JUSTIFIES,1
ARGUING,1
INTERDISCIPLINARY,1
CHARACTERISTICS,1
TYPICAL,1
ANALYST,1
REWARDED,1
DOES,1
NAMES,1
PREFER,1
EMPHASIZE,1
PRECISELY,1
DANISH,1
REFLECT,1
REVOLVES,1
TREATMENT,1
INSTITUTION,1
COPENHAGEN,1
PROFESSOR,1
SCANDINAVIAN,1
COUNTRIES,1
MULTIDISCIPLINARY,1
PRACTITIONERS,1
ACMTURINGINEER,1
TUROLOGIST,1
FLOWCHARTSMAN,1
METAMATHEMATICIAN,1
EPISTEMOLOGIST,1
MONTHS,1
COMPTOLOGIST,1
FOLLOWED,1
YEAR,1
HYPOLOGIST,1
COMPUTICS,1
CONTRACTED,1
TRANSLATIONS,1
EXPRESSION,1
INFORMAZIONE,1
AUTOMATICA,1
INFORMATIQUE,1
INFORMATIK,1
INFORMATICA,1
DUTCH,1
INFORMTICA,1
SPANISH,1
PORTUGUESE,1
INFORMATIKA,1
SLAVIC,1
HUNGARIAN,1
PLIROFORIKI,1
GREEK,1
WORDS,1
EDINBURGH,1
LINKED,1
CONTEXT,1
FOLKLORIC,1
ATTRIBUTED,1
TOBUT,1
FORMULATED,1
BYEDSGER,1
TELESCOPESNOTE,1
PROVINCE,1
COMMERCIAL,1
INTERSECTS,1
COGNITIVE,1
CLOSER,1
OBSERVERS,1
STRONGLY,1
INFLUENCED,1
MATHEMATICIANS,1
KURT,1
GDEL,1
VON,1
NEUMANN,1
RZSA,1
PTER,1
ALONZO,1
CHURCH,1
CONTINUES,1
INTERCHANGE,1
ALGEBRA,1
CONTENTIOUS,1
MUDDIED,1
DISPUTES,1
DEFINED,1
CUE,1
CLAIMED,1
COMPLEMENTARY,1
FUNDING,1
ASPECTS,1
DEPEND,1
ALIGNMENT,1
BRIDGE,1
EDUCATIONALLY,1
DEBATE,1
NEWELL,1
FORMS,1
EXPERIENCE,1
FIT,1
NARROW,1
STEREOTYPE,1
NONETHELESS,1
EXPERIMENT,1
POSES,1
LISTEN,1
OBSERVING,1
OPERATION,1
MEASUREMENT,1
MAKES,1
EVALUATE,1
CORRECTNESS,1
THEOREMS,1
INVESTIGATED,1
BRIDGES,1
AIRPLANES,1
OBSERVE,1
PRESENTLY,1
EXISTS,1
OBSERVES,1
DISCOVER,1
PROPER,1
CREATING,1
PHENOMENA,1
REALIZATIONS,1
ENTITIES,1
DEDUCTIVELY,1
REASONED,1
TONY,1
HOARE,1
REGARD,1
SENTENCES,1
INTERPRET,1
AXIOMATIC,1
DENNINGS,1
ABSTRACTION,1
AMNON,1
RATIONALIST,1
PREVALENT,1
EMPLOYS,1
DEDUCTIVE,1
TECHNOCRATIC,1
MIGHT,1
PROMINENTLY,1
ARTIFACTS,1
IDENTIFIABLE,1
BRANCHES,1
HUMANMADE,1
TELESCOPES,1
RANGE,1
TOPICS,1
ISSUES,1
FORMERLY,1
BOARDWHICH,1
REPRESENTATIVES,1
CSIDENTIFIES,1
ADDITION,1
IDENTIFIES,1
NETWORKING,1
DERIVES,1
MOTIVATION,1
EVERYDAY,1
CONSEQUENCE,1
FOCUSED,1
ANSWERING,1
COMPUTED,1
EFFORT,1
EXAMINES,1
SOLVABLE,1
ADDRESSED,1
SPACE,1
COSTS,1
SOLVING,1
MULTITUDE,1
FAMOUS,1
MILLENNIUM,1
PRIZE,1
MXXNOT,1
CELLULAR,1
CLOSELY,1
QUANTIFICATION,1
COMPRESSING,1
RELIABLY,1
STORING,1
COMMUNICATING,1
CONVERTING,1
FITNESS,1
ERROR,1
CORRECTION,1
PURPOSE,1
TRANSMISSION,1
CHANNEL,1
CAPACITY,1
KOLMOGOROV,1
ALGORITHMDATA,1
COMMONLY,1
COMBINATORIAL,1
CHARACTERIZATION,1
FALLS,1
DEPENDING,1
AFFECTING,1
ACTIVE,1
NUMEROUS,1
DEDICATED,1
MATHEMATICALLY,1
TECHNIQUE,1
MOTIVATED,1
EXPECTATION,1
CONTRIBUTE,1
ROBUSTNESS,1
UNDERPINNING,1
ADJUNCT,1
HELP,1
AVOID,1
TOOL,1
COST,1
HIGHINTEGRITY,1
LIFECRITICAL,1
UTMOST,1
FAIRLY,1
VARIETY,1
ALGEBRAIC,1
INT,1
GAMMA,1
VDASH,1
XTEXTINT,1
PROVING,1
BIOINSPIRED,1
CYBERNETICS,1
DARTMOUTH,1
CROSSDISCIPLINARY,1
DRAWING,1
SEMIOTICS,1
NEUROPHYSIOLOGY,1
ROBOTIC,1
REQUIRE,1
POINT,1
EFFECTIVELY,1
UNANSWERED,1
TEST,1
ASSESS,1
OUTPUT,1
EVALUATIVE,1
PREDICTIVE,1
INCREASINGLY,1
SUBSTITUTE,1
MONITORING,1
INTERVENTION,1
DOMAINS,1
REALWORLD,1
NEURAL,1
GAME,1
AUTONOMIC,1
PATTERN,1
SWARM,1
ORGANISATION,1
CONCEPTUAL,1
OPERATIONAL,1
LARGELY,1
PERFORMS,1
INTERNALLY,1
ACCESSES,1
ADDRESSES,1
MICROCONTROLLERS,1
SUPERCOMPUTERS,1
TRACED,1
LYLE,1
R,1
JOHNSON,1
FREDERICK,1
BROOKS,1
JR,1
MEMBERS,1
CENTER,1
MICROARCHITECTURE,1
INPUTOUTPUT,1
PROPERTY,1
EXECUTING,1
SIMULTANEOUSLY,1
POTENTIALLY,1
INTERACTING,1
PETRI,1
NETS,1
RANDOM,1
EXCHANGED,1
MANAGE,1
WORLDWIDE,1
OBJECTIVE,1
PROTECTING,1
UNAUTHORIZED,1
DISRUPTION,1
MODIFICATION,1
MAINTAINING,1
USABILITY,1
USERS,1
WRITING,1
DECIPHERING,1
SECRET,1
MESSAGES,1
RELATING,1
ATTACKED,1
TECHNOLOGIES,1
SYMMETRIC,1
ASYMMETRIC,1
ENCRYPTION,1
SIGNATURES,1
CRYPTOGRAPHIC,1
HASH,1
KEYAGREEMENT,1
PROTOCOLS,1
BLOCKCHAIN,1
ZEROKNOWLEDGE,1
PROOFS,1
GARBLED,1
ORGANIZE,1
RETRIEVE,1
AMOUNTS,1
MANAGED,1
MAINTAIN,1
QUERY,1
DISCOVERING,1
PATTERNS,1
SETS,1
VISUAL,1
INVOLVES,1
HEAVILY,1
EFFECTS,1
BITS,1
STREAMED,1
VIA,1
SIGNALS,1
NOTION,1
EUROPEAN,1
INDEPENDENTLY,1
CARRIER,1
BIOLOGICAL,1
PLAYS,1
TELECOMMUNICATIONS,1
BOUND,1
FOURIER,1
FFT,1
QUANTITATIVE,1
TECHNIQUES,1
ANALYZE,1
SOLVE,1
USAGE,1
SIMULATION,1
FLUID,1
DYNAMICS,1
SITUATIONS,1
NOTABLY,1
WAR,1
HABITATS,1
ENABLE,1
AIRCRAFT,1
NOTABLE,1
REALIZATION,1
MODIFIED,1
LATTER,1
INCLUDES,1
BIOINFORMATICS,1
NEUROINFORMATICS,1
PSYCHOINFORMATICS,1
MUSICOLOGY,1
INTERSECTION,1
BEHAVIOR,1
DEVELOPS,1
THEORIES,1
GUIDELINES,1
DESIGNERS,1
MODIFYING,1
AFFORDABLE,1
MAINTAINABLE,1
ORGANIZING,1
SOFTWAREIT,1
DOESNT,1
MANUFACTURE,1
INTERNAL,1
ARRANGEMENT,1
DEBT,1
PHILOSOPHER,1
BILL,1
NOTED,1
INSIGHTS,1
LEIBNIZS,1
BOOLES,1
SHANNONS,1
MORSES,1
REPRESENT,1
ANYTHINGNOTE,1
COMPUTABLE,1
REPRESENTED,1
BISTABLE,1
PAIR,1
FLIPFLOP,1
DISTINGUISHABLE,1
ONOFF,1
MAGNETIZEDDEMAGNETIZED,1
HIGHVOLTAGELOWVOLTAGE,1
ETC,1
CONSISTING,1
SYMBOL,1
CORRADO,1
BHM,1
GIUSEPPE,1
COMBINING,1
COMBINE,1
SEQUENCE,1
REPETITION,1
NOTE,1
BOEHMS,1
GOTO,1
ELEMENTARY,1
ACCOMPLISH,1
BUILDING,1
AVOIDS,1
MUTABLE,1
DECLARATIVE,1
EXPRESSIONS,1
DECLARATIONS,1
MOOD,1
EXPRESSES,1
CONSISTS,1
DESCRIBING,1
CONCEPT,1
CONTAIN,1
ATTRIBUTES,1
CODE,1
FEATURE,1
MODIFY,1
SERVICEORIENTED,1
IMPLEMENT,1
MISSION,1
CRITICAL,1
MATTER,1
CAPABILITIES,1
CATEGORYCOMPUTER,1
EVENTS,1
RESEARCHERS,1
SECTORS,1
UNLIKE,1
PRESTIGE,1
GREATER,1
EXPLANATION,1
QUICK,1
RELATIVELY,1
REQUIRES,1
RAPID,1
REVIEW,1
DISTRIBUTION,1
RESULTS,1
HANDLED,1
SYNONYMS,1
TAUGHT,1
BATCH,1
SENSITIVE,1
PAPER,1
TAPE,1
SELECT,1
BBC,1
PRODUCED,1
MICROCOMPUTER,1
CLASSROOM,1
GCE,1
O,1
YEAROLD,1
RECOGNISED,1
COMPULSORY,1
KEY,1
STAGE,1
ENTITLEMENT,1
PUPILS,1
DISTRICTS,1
DECIDING,1
PROVISION,1
FRACTURED,1
TEACHERS,1
STANDARDS,1
ZEALAND,1
SECONDARY,1
REVOLUTION,1
CONVENIENT,1
DRUMS,1
UNLIMITED,1
EXTENT,1
STORED,1
REPEATED,1
DANGER,1
INTRODUCING,1
SETTING,1
HAND,1
SERVED,1
CRYSTALLIZE,1
ENTRY,1
WIKIQUOTE,1
THINGS,1
ARBITRARY,1
FINISH,1
FOREVER,1
HALTING,1
WWWCSYORKACUK,1
WORDNET,1
WORDNETWEBPRINCETONEDU,1
DEFINITION,1
DICTIONARYCOM,1
WWWDICTIONARYCOM,1
UNDERGRADUATE,1
UMD,1
UNDERGRADCSUMDEDU,1
ENCOMPASSES,1
HAREL,1
ALGORITHMICS,1
MITPRESSMITEDU,1
SERIES,1
CITE,1
MAINT,1
URLSTATUS,1
LINK,1
RICHARD,1
NOF,1
SHIMON,1
Y,1
HANDBOOKS,1
HEIDELBERG,1
EFFICIENTLY,1
PROCEEDINGS,1
IFIP,1
CONGRESS,1
INSPIRING,1
PHILOSOPHICAL,1
CONTEMPORARY,1
CIVILIZATION,1
HANSON,1
VICKI,1
L,1
CELEBRATING,1
SCOTT,1
ERIC,1
MARTINS,1
MARCELLA,1
SCOCZYNSKI,1
RIBEIRO,1
YAFRANI,1
MOHAMED,1
EL,1
VOLZ,1
VANESSA,1
COMPUTINGS,1
GREATEST,1
ACHIEVEMENTS,1
SIGEVOLUTION,1
CBIUMNEDU,1
WWWCOMPUTERHISTORYORG,1
CSUWATERLOOCA,1
EIN,1
COMPUTERPIONIER,1
KEATES,1
FIONA,1
BRIEF,1
TRIAL,1
HYMAN,1
ADAS,1
ENCHANTRESS,1
BETTY,1
ALEXANDRA,1
TOOLE,1
EDD,1
STRAWBERRY,1
MILL,1
VALLEY,1
GABRIEL,1
BYRNE,1
SENSE,1
ACCUMULATION,1
TRANSFER,1
REGISTER,1
ARCHIVES,1
EDSAC,1
CONTE,1
DIES,1
ORAL,1
COMMS,1
SOCIOCULTURAL,1
WEISS,1
EA,1
CORLEY,1
HENRY,1
PT,1
LETTERS,1
EDITOR,1
MOUNIERKUHN,1
LINFORMATIQUE,1
EN,1
LA,1
SECONDE,1
GUERRE,1
MONDIALE,1
AU,1
PLAN,1
CALCUL,1
LMERGENCE,1
DUNE,1
PARIS,1
PUPS,1
CH,1
GROTH,1
CACMACMORG,1
COMPETING,1
VIEWPOINTS,1
DL,1
ANNALS,1
DOIA,1
SUBFIELD,1
ELEMENT,1
CHEMICAL,1
F,1
METAPHYSICS,1
SCIENCEPROCEEDINGS,1
SAN,1
FRANCISCO,1
CALIFORNIA,1
LOS,1
ALAMITOS,1
RAYMOND,1
ANGIUS,1
NICOLA,1
ZALTA,1
EDWARD,1
PROFESSION,1
COMMITTEE,1
CHALLENGES,1
OPPORTUNITIES,1
COUNCIL,1
ACADEMIES,1
CLAY,1
COLLINS,1
GRAHAM,1
FOUNDER,1
AMERICAN,1
VANNAM,1
HUYNH,1
VLADIK,1
KREINOVICH,1
SONGSAK,1
SRIBOONCHITTA,1
UNCERTAINTY,1
ECONOMETRICS,1
PHILLIP,1
LAPLANTE,1
THREEVOLUME,1
THISTED,1
RONALD,1
JIACUN,1
WANG,1
GORDANA,1
DODIGCRNKOVIC,1
RAFFAELA,1
GIOVAGNOLI,1
CENTENARY,1
ELIAS,1
BIBRI,1
SMART,1
SUSTAINABLE,1
CITIES,1
FUTURE,1
UNTAPPED,1
POTENTIAL,1
CONTEXTAWARE,1
ADVANCING,1
SUSTAINABILITY,1
KATZ,1
JONATHAN,1
YEHUDA,1
LINDELL,1
BOCA,1
RATON,1
MUHAMMAD,1
RASHID,1
ELECTRIC,1
IC,1
VITAL,1
WHATISCOM,1
WILLIAM,1
BUFFALO,1
JACK,1
COPELAND,1
BRAIN,1
STRUGGLE,1
ACE,1
FASTEST,1
OUP,1
OXFORD,1
ALICE,1
CENGAGE,1
MD,1
REZAUL,1
KARIM,1
SRIDHAR,1
ALLA,1
SCALA,1
SPARK,1
EXPLORE,1
STREAMING,1
LEX,1
SHEEHAN,1
EVELIO,1
PADILLA,1
SUBSTATION,1
MULTIPARADIGM,1
DEVELOPERMOZILLAORG,1
MOZILLA,1
FOUNDATION,1
PATTERSON,1
EVALUATING,1
PROMOTION,1
TENURE,1
FORTNOW,1
LANCE,1
GROW,1
BURNS,1
JUDITH,1
ALEVEL,1
JONES,1
MICHAEL,1
ENGLAND,1
EXPLORING,1
USA,1
WINSTON,1
CHURCHILL,1
MEMORIAL,1
TRUST,1
ELECTIVE,1
ANYMORE,1
WEEK,1
CAMERON,1
SUDOL,1
LEIGH,1
ANN,1
STEPHENSON,1
CHRIS,1
STEHLIK,1
EMPTY,1
FAILURE,1
TEACH,1
K,1
ACCELERATING,1
ACTION,1
ADVOCACY,1
CODEORG,1
ECEP,1
ALLIANCE,1
ECONOMIST,1
COMPARISONS,1
ADDING,1
CHAPTERS,1
SIGNIFICANTLY,1
REVISED,1
IMAGINE,1
ABSOLUTE,1
KILOGRAMENCYCLOPAEDIA,1
CHRISTOPH,1
MEINEL,1
POSSIBLY,1
COMMUNITY,1
BOOKS,1
WANTING,1
GAIN,1
DESIRING,1
INSTRUCTORS,1
WISHING,1
OUTSIDE,1
ROCKY,1
ROSS,1
SIGACT,1
NEWS,1
RALSTON,1
HEMMENDINGER,1
TH,1
GROVES,1
DICTIONARIES,1
DEFINITIVE,1
ALPHABETICALLY,1
ARRANGED,1
ENTRIES,1
COVER,1
MILIEU,1
EDITORS,1
COMMENDABLE,1
JOB,1
BLENDING,1
COLLECTIONS,1
JOE,1
ACCARDIN,1
NORTHEASTERN,1
ILLINOIS,1
UNIV,1
MILESTONES,1
GREENWOOD,1
CSLI,1
COULDVE,1
GARLAND,1
INC,1
PORTRAIT,1
SPRINGERVERLAG,1
COVERING,1
INTEREST,1
LIES,1
CONTENT,1
COMPLEMENT,1
NICELY,1
SYMPOSIUM,1
SHORTER,1
VERSION,1
CHRISTINE,1
CHOPPY,1
JORGEN,1
STAUNSTRUP,1
VOL,1
JOINT,1
FORCE,1
AIS,1
NORMAN,1
GIBBS,1
LIBERAL,1
ARTS,1
VOLUME,1
WIKIBOOKS,1
CLASS,1
XI,1
CBSE,1
WIKIPEDIAS,1
SISTER,1
PROJECTS,1
DEFINITIONS,1
WIKTIONARYMEDIA,1
COMMONSQUOTATIONS,1
WIKIQUOTETEXTBOOKS,1
WIKIBOOKSRESOURCES,1
WIKIVERSITY,1
CURLIE,1
SCHOLARLY,1
PHOTOGRAPHS,1
EECSBERKELEYEDU,1
DBLP,1
WEBSITE,1
HOSTED,1
UNIVERSITT,1
TRIER,1
AAAI,1
AAAS,1
SCIENCESTACK,1
COMMUNITYRUN,1
QUESTIONANDANSWER,1
VTECOMPUTER,1
SCIENCENOTE,1
TEMPLATE,1
ROUGHLY,1
FOLLOWS,1
SYSTEMHARDWARE,1
PRINTED,1
PERIPHERAL,1
INTEGRATION,1
CHIP,1
SOCS,1
ENERGY,1
CONSUMPTION,1
ACCELERATION,1
PROTOCOL,1
SCHEDULER,1
PERFORMANCE,1
MIDDLEWARE,1
NOTATIONS,1
TOOLS,1
DOMAINSPECIFIC,1
VARIABLE,1
TEAM,1
DISCRETE,1
STORAGE,1
GEOGRAPHIC,1
DECISION,1
PLATFORM,1
MARKETING,1
RETRIEVAL,1
INTRUSION,1
MULTITHREADING,1
KNOWLEDGE,1
SUPERVISED,1
UNSUPERVISED,1
REINFORCEMENT,1
MULTITASK,1
CROSSVALIDATION,1
ECOMMERCE,1
HEALTHCARE,1
CYBERWARFARE,1
VOTING,1
EDUCATIONAL,1
DOCUMENT,1
WIKIPROJECT,1
VTEGLOSSARIES,1
AGRICULTURE,1
BOTANY,1
CALCULUS,1
CLINICAL,1
ECOLOGY,1
AL,1
MZ,1
ENTOMOLOGY,1
GENETICS,1
GEOGRAPHY,1
ARABIC,1
HEBREW,1
ASIA,1
ICHTHYOLOGY,1
MEDICINE,1
METEOROLOGY,1
NANOTECHNOLOGY,1
ORNITHOLOGY,1
PSYCHIATRY,1
NAMING,1
STRUCTURAL,1
VIROLOGY,1
VTESOFTWARE,1
ENGINEERINGFIELDS,1
DEVOPS,1
PROCESSMETHODOLOGY,1
ASSURANCE,1
VALIDATION,1
ORIENTATIONS,1
ASPECTORIENTED,1
ONTOLOGY,1
SDLC,1
MODELSDEVELOPMENTAL,1
EUP,1
EXECUTABLE,1
INCREMENTAL,1
ITERATIVE,1
PROTOTYPE,1
RAD,1
SCRUM,1
SPIRAL,1
VMODEL,1
WATERFALL,1
XP,1
CMMI,1
ER,1
FUNCTION,1
METAMODELING,1
IDEF,1
USL,1
SYSML,1
PROJECT,1
RISK,1
AUTHORITY,1
SPAIN,1
UKRAINE,1
DICTIONARY,1
SWITZERLAND,1
